<?xml version="1.0" encoding="utf-8"?>
<!DOCTYPE hibernate-mapping PUBLIC
        "-//Hibernate/Hibernate Mapping DTD//EN"
        "http://www.hibernate.org/dtd/hibernate-mapping-3.0.dtd">

<hibernate-mapping>
    <class name="hibernateTest.Module.BillingAccount" table="billing_account" lazy="false">
        <id name="billingAccountId" type="long" column="billing_account_id">
            <!-- need to fix id generator by adding sequences to tables -->
            <generator class="sequence">
                <param name="sequence">billing_account_id_sequence</param>
            </generator>
        </id>
        <property name="creationDate" column="creation_date" type="timestamp"/>
        <property name="greenCode" column="greencode" type="string"/>

        <joined-subclass name="hibernateTest.Module.CreditCardAccount" table="credit_card_account" lazy="false">
            <key column="billing_account_id"/>
            <property name="cardDigits" column="card_digits" type="string"/>
            <property name="cardExpireMonth" column="card_expire_month" type="long"/>
            <property name="cardExpireYear" column="card_expire_year" type="long"/>
            <property name="cardType" column="card_type" type="string"/>
            <property name="cardOwner" column="card_owner" type="string"/>
            <property name="tempcardDigits" column="tempcard_digits" type="string"/>
            <property name="crypt" column="crypt" type="boolean"/>
            <property name="bin" column="bin" type="string"/>
            <property name="obscured" column="obscured" type="timestamp"/>
        </joined-subclass>


    </class>
    <query name="findCreditCardAccountById">from CreditCardAccount c where c.billingAccountId = ?</query>

</hibernate-mapping>